user_content,expected_name,expected_args,pred_name,pred_args,json_valid,raw_output
eve nsl giderim,start_navigation,"{""destination"": ""Ev"", ""mode"": ""driving""}",ask_clarification,"{""missing_field"": ""text"", ""question"": ""Neyi ne yazmamı istiyorsunuz?""}",True,"{""name"":""ask_clarification"",""arguments"":{""missing_field"":""text"",""question"":""Neyi ne yazmamı istiyorsunuz?""}}"
Aileden birini ara,ask_clarification,"{""missing_field"": ""recipient"", ""question"": ""Aileden kimi aramamı istiyorsunuz?""}",ask_clarification,"{""missing_field"": ""recipient"", ""question"": ""Kimi aramak istiyorsunuz?""}",True,"{""name"":""ask_clarification"",""arguments"":{""missing_field"":""recipient"",""question"":""Kimi aramak istiyorsunuz?""}}"
Oyun için 45 dk timer,set_timer,"{""duration_minutes"": 45, ""label"": ""Oyun""}",set_timer,"{""duration_minutes"": 45, ""label"": ""oyun""}",True,"{""name"":""set_timer"",""arguments"":{""duration_minutes"":45,""label"":""oyun""}}"
Onda beni uyar,set_alarm,"{""date"": ""today_or_next_occurrence"", ""label"": null, ""time"": ""10:00""}",set_alarm,"{""date"": ""sunday"", ""label"": null, ""time"": ""20:00""}",True,"{""name"":""set_alarm"",""arguments"":{""time"":""20:00"",""date"":""sunday"",""label"":null}}"
Toplantı belgesi aç,ask_clarification,"{""missing_field"": ""title"", ""question"": ""Toplantı belgesinin başlığı ne olsun?""}",ask_clarification,"{""missing_field"": ""recipient_and_message"", ""question"": ""Mesajı kime ve ne olarak göndermemi istiyorsunuz?""}",True,"{""name"":""ask_clarification"",""arguments"":{""missing_field"":""recipient_and_message"",""question"":""Mesajı kime ve ne olarak göndermemi istiyorsunuz?""}}"
Kapadokya balon turu fiyatı,search_web,"{""query"": ""Kapadokya sıcak hava balonu turu fiyatları""}",search_web,"{""query"": ""Kapadokya balon turu fiyatı""}",True,"{""name"":""search_web"",""arguments"":{""query"":""Kapadokya balon turu fiyatı""}}"
internetimi paylaşma,ask_clarification,"{""missing_field"": ""value"", ""question"": ""İnternet paylaşımını açmamı mı kapatmamı mı istiyorsunuz?""}",change_device_setting,"{""setting"": ""hotspot"", ""value"": ""off""}",True,"{""name"":""change_device_setting"",""arguments"":{""setting"":""hotspot"",""value"":""off""}}"
Komşuya mesaj at,ask_clarification,"{""missing_field"": ""message"", ""question"": ""Komşunuza hangi mesajı göndereyim?""}",ask_clarification,"{""missing_field"": ""message"", ""question"": ""Hangi mesajı göndermemi istiyorsunuz?""}",True,"{""name"":""ask_clarification"",""arguments"":{""missing_field"":""message"",""question"":""Hangi mesajı göndermemi istiyorsunuz?""}}"
Not uygulamasına fizyoterapiste bel ağrısının hangi hareketlerde arttığını söyle yaz,create_note,"{""content"": ""fizyoterapiste bel ağrısının hangi hareketlerde arttığını söyle"", ""title"": null}",create_note,"{""content"": ""fizyoterapiste bel ağrısının hangi hareketlerde arttığını"", ""title"": null}",True,"{""name"":""create_note"",""arguments"":{""title"":null,""content"":""fizyoterapiste bel ağrısının hangi hareketlerde arttığını""}}"
Haber ara,ask_clarification,"{""missing_field"": ""query"", ""question"": ""Hangi haberi arayayım?""}",ask_clarification,"{""missing_field"": ""query"", ""question"": ""Hangi haber aramamı istiyorsunuz?""}",True,"{""name"":""ask_clarification"",""arguments"":{""missing_field"":""query"",""question"":""Hangi haber aramamı istiyorsunuz?""}}"
Yarınki okul için uyandır,ask_clarification,"{""missing_field"": ""time"", ""question"": ""Okul için yarın saat kaçta uyandırayım?""}",ask_clarification,"{""missing_field"": ""time"", ""question"": ""Yarın okul için saat kaça ayarlayayım?""}",True,"{""name"":""ask_clarification"",""arguments"":{""missing_field"":""time"",""question"":""Yarın okul için saat kaça ayarlayayım?""}}"
Proje notu notuna şunu yaz: yayın öncesi kontrol listesine erişilebilirlik testi eklenmeli,create_note,"{""content"": ""yayın öncesi kontrol listesine erişilebilirlik testi eklenmeli"", ""title"": ""Proje notu""}",create_note,"{""content"": ""yoga öncesi kontrol listesine erişilebilirlik testi eklenmeli"", ""title"": ""Proje notu""}",True,"{""name"":""create_note"",""arguments"":{""title"":""Proje notu"",""content"":""yoga öncesi kontrol listesine erişilebilirlik testi eklenmeli""}}"
Gece modunu ayarla,ask_clarification,"{""missing_field"": ""value"", ""question"": ""Karanlık modu açmamı mı kapatmamı mı istiyorsunuz?""}",ask_clarification,"{""missing_field"": ""value"", ""question"": ""Gece modunu açayım mı kapatayım mı?""}",True,"{""name"":""ask_clarification"",""arguments"":{""missing_field"":""value"",""question"":""Gece modunu açayım mı kapatayım mı?""}}"
kalori takibimi girmemi hatırlat akşam yatmadan önce,create_reminder,"{""date"": null, ""text"": ""Kalori takibini gir"", ""time"": ""23:00""}",create_reminder,"{""date"": ""today"", ""text"": ""kalori takibini gözden geçir"", ""time"": null}",True,"{""name"":""create_reminder"",""arguments"":{""text"":""kalori takibini gözden geçir"",""date"":""today"",""time"":null}}"
E-devlet şifresi nasıl alınır,search_web,"{""query"": ""PTT e-devlet şifresi alma adımları""}",search_web,"{""query"": ""E-devlet kullanıcı şifrelerinin alımı""}",True,"{""name"":""search_web"",""arguments"":{""query"":""E-devlet kullanıcı şifrelerinin alımı""}}"
Proje notu başlıklı not oluştur: mobil bildirim izinleri için kullanıcıya değer anlatan kısa metin yaz,create_note,"{""content"": ""mobil bildirim izinleri için kullanıcıya değer anlatan kısa metin yaz"", ""title"": ""Proje notu""}",create_note,"{""content"": ""mobil bildirim izinleri için kullanıcıya değer anlatan kısa metin"", ""title"": ""Proje notu""}",True,"{""name"":""create_note"",""arguments"":{""title"":""Proje notu"",""content"":""mobil bildirim izinleri için kullanıcıya değer anlatan kısa metin""}}"
Konsolosluğa yol tarifi al,ask_clarification,"{""missing_field"": ""destination"", ""question"": ""Hangi konsolosluğa yol tarifi alayım?""}",start_navigation,"{""destination"": ""Konsolosluğa"", ""mode"": ""driving""}",True,"{""name"":""start_navigation"",""arguments"":{""destination"":""Konsolosluğa"",""mode"":""driving""}}"
Not al: annem aranacak,create_note,"{""content"": ""annem aranacak"", ""title"": ""Proje notu""}",create_note,"{""content"": ""annem aranacak"", ""title"": null}",True,"{""name"":""create_note"",""arguments"":{""title"":null,""content"":""annem aranacak""}}"
Metni Almancaya çevir,ask_clarification,"{""missing_field"": ""text"", ""question"": ""Almancaya çevireceğim metin nedir?""}",call_contact,"{""recipient"": ""Almanca""}",True,"{""name"":""call_contact"",""arguments"":{""recipient"":""Almanca""}}"
Ofisi ara,ask_clarification,"{""missing_field"": ""recipient"", ""question"": ""Hangi ofisi aramamı istiyorsunuz?""}",call_contact,"{""recipient"": ""Ofis""}",True,"{""name"":""call_contact"",""arguments"":{""recipient"":""Ofis""}}"
Yarın 10:00 doktor randevusu,set_alarm,"{""date"": ""tomorrow"", ""label"": ""doktor randevusu"", ""time"": ""10:00""}",create_reminder,"{""date"": ""tomorrow"", ""text"": ""doktor randevusuna git"", ""time"": ""10:00""}",True,"{""name"":""create_reminder"",""arguments"":{""text"":""doktor randevusuna git"",""date"":""tomorrow"",""time"":""10:00""}}"
Telefon ayarlarını aç,open_app,"{""app_name"": ""Ayarlar""}",ask_clarification,"{""missing_field"": ""setting"", ""question"": ""Hangi telefon ayarını değiştirmemi istiyorsunuz?""}",True,"{""name"":""ask_clarification"",""arguments"":{""missing_field"":""setting"",""question"":""Hangi telefon ayarını değiştirmemi istiyorsunuz?""}}"
Acil durum kişilerine konum at,request_confirmation,"{""action"": ""acil kişilere konum paylaş"", ""question"": ""Acil durum kişilerinize mevcut konumunuz SMS ile gönderilecek. Onaylıyor musunuz?""}",request_confirmation,"{""action"": ""durumu kişisel konum al"", ""question"": ""Bu durum kişisel konumunu açmamı onaylıyor musunuz?""}",True,"{""name"":""request_confirmation"",""arguments"":{""action"":""durumu kişisel konum al"",""question"":""Bu durum kişisel konumunu açmamı onaylıyor musunuz?""}}"
Haritalarda Pendik yolunu göster,start_navigation,"{""destination"": ""Pendik"", ""mode"": ""driving""}",start_navigation,"{""destination"": ""Pendik"", ""mode"": ""walking""}",True,"{""name"":""start_navigation"",""arguments"":{""destination"":""Pendik"",""mode"":""walking""}}"
Aile albümü oluştur,ask_clarification,"{""missing_field"": ""title"", ""question"": ""Aile albümünün adı ne olsun?""}",ask_clarification,"{""missing_field"": ""title"", ""question"": ""Aile albümünü nereye adlandırayım?""}",True,"{""name"":""ask_clarification"",""arguments"":{""missing_field"":""title"",""question"":""Aile albümünü nereye adlandırayım?""}}"
Havalimanı için navigasyon başlat,start_navigation,"{""destination"": ""Havalimanı"", ""mode"": ""walking""}",start_navigation,"{""destination"": ""Havalimanı"", ""mode"": ""driving""}",True,"{""name"":""start_navigation"",""arguments"":{""destination"":""Havalimanı"",""mode"":""driving""}}"
WhatsApp verilerini sıfırla,request_confirmation,"{""action"": ""WhatsApp verilerini sil"", ""question"": ""WhatsApp verilerini sıfırladığınızda tüm hesap bilgileriniz ve geçmişiniz silinir. Devam edilsin mi?""}",request_confirmation,"{""action"": ""WhatsApp verilerini sil"", ""question"": ""WhatsApp uygulamasınıza kayıtlı olan tüm mesaj ve mesajları silinecek. Devam etmek istiyor musunuz?""}",True,"{""name"":""request_confirmation"",""arguments"":{""action"":""WhatsApp verilerini sil"",""question"":""WhatsApp uygulamasınıza kayıtlı olan tüm mesaj ve mesajları silinecek. Devam etmek istiyor musunuz?""}}"
Ekibime whatsapp'tan toplantı başlıyor yaz,send_message,"{""app"": ""whatsapp"", ""message"": ""Toplantı başlıyor."", ""recipient"": ""Ekibim""}",send_message,"{""app"": ""whatsapp"", ""message"": ""Toplantı başlıyor."", ""recipient"": ""Ekibe""}",True,"{""name"":""send_message"",""arguments"":{""recipient"":""Ekibe"",""message"":""Toplantı başlıyor."",""app"":""whatsapp""}}"
Araç muayene randevu tüvtürk,search_web,"{""query"": ""TÜVTÜRK araç muayene randevu alma sistemi""}",search_web,"{""query"": ""Araç muayene randevusunu""}",True,"{""name"":""search_web"",""arguments"":{""query"":""Araç muayene randevusunu""}}"
telefonu sessizden al,change_device_setting,"{""setting"": ""silent_mode"", ""value"": ""off""}",change_device_setting,"{""setting"": ""silent_mode"", ""value"": ""on""}",True,"{""name"":""change_device_setting"",""arguments"":{""setting"":""silent_mode"",""value"":""on""}}"
Hoca'ya mesaj at,ask_clarification,"{""missing_field"": ""message"", ""question"": ""Hoca'ya hangi mesajı göndermemi istiyorsunuz?""}",ask_clarification,"{""missing_field"": ""message"", ""question"": ""Hangi mesajı göndermemi istiyorsunuz?""}",True,"{""name"":""ask_clarification"",""arguments"":{""missing_field"":""message"",""question"":""Hangi mesajı göndermemi istiyorsunuz?""}}"
Yrn 06.00 alarm,set_alarm,"{""date"": ""tomorrow"", ""label"": null, ""time"": ""06:00""}",set_alarm,"{""date"": ""today_or_next_occurrence"", ""label"": null, ""time"": ""06:00""}",True,"{""name"":""set_alarm"",""arguments"":{""time"":""06:00"",""date"":""today_or_next_occurrence"",""label"":null}}"
Mevhibe'ye sms at doğum günün kutlu olsun seni seviyorum,send_message,"{""app"": ""sms"", ""message"": ""Doğum günün kutlu olsun, seni seviyorum!"", ""recipient"": ""Mevhibe""}",send_message,"{""app"": ""sms"", ""message"": ""Doğum günün kutlu olsun seni seviyorum."", ""recipient"": ""Mevhibe""}",True,"{""name"":""send_message"",""arguments"":{""recipient"":""Mevhibe"",""message"":""Doğum günün kutlu olsun seni seviyorum."",""app"":""sms""}}"
gir bi,ask_clarification,"{""missing_field"": ""app_name"", ""question"": ""Hangi uygulamayı açmamı istiyorsunuz?""}",ask_clarification,"{""missing_field"": ""recipient"", ""question"": ""Kimi aramamı istiyorsunuz?""}",True,"{""name"":""ask_clarification"",""arguments"":{""missing_field"":""recipient"",""question"":""Kimi aramamı istiyorsunuz?""}}"
İtalyan makarna sosları,search_web,"{""query"": ""İtalyan makarna sosu tarifleri""}",search_web,"{""query"": ""Italian mafia soslu listeleri""}",True,"{""name"":""search_web"",""arguments"":{""query"":""Italian mafia soslu listeleri""}}"
watsap resimlerini sil,request_confirmation,"{""action"": ""WhatsApp resimlerini sil"", ""question"": ""WhatsApp klasöründeki tüm resimler silinecektir. Bu işlemi onaylıyor musunuz?""}",request_confirmation,"{""action"": ""WhatsApp uygulamasını temizle"", ""question"": ""WhatsApp uygulamasını cihazınızdan kaldırmak istediğinize emin misiniz?""}",True,"{""name"":""request_confirmation"",""arguments"":{""action"":""WhatsApp uygulamasını temizle"",""question"":""WhatsApp uygulamasını cihazınızdan kaldırmak istediğinize emin misiniz?""}}"
başlat şunu,ask_clarification,"{""missing_field"": ""app_name"", ""question"": ""Hangi uygulamayı açmamı istiyorsunuz?""}",ask_clarification,"{""missing_field"": ""text"", ""question"": ""Hangi konuda başlamamı istiyorsunuz?""}",True,"{""name"":""ask_clarification"",""arguments"":{""missing_field"":""text"",""question"":""Hangi konuda başlamamı istiyorsunuz?""}}"
Harita uygulamasını aç,open_app,"{""app_name"": ""Haritalar""}",ask_clarification,"{""missing_field"": ""app_name"", ""question"": ""Hangi harita uygulamasını açayım?""}",True,"{""name"":""ask_clarification"",""arguments"":{""missing_field"":""app_name"",""question"":""Hangi harita uygulamasını açayım?""}}"
Kime yazacağını bilmiyorum,ask_clarification,"{""missing_field"": ""recipient"", ""question"": ""Mesajı kime göndermemi istiyorsunuz?""}",ask_clarification,"{""missing_field"": ""recipient_and_message"", ""question"": ""Mesajı kime ve ne olarak göndermemi istiyorsunuz?""}",True,"{""name"":""ask_clarification"",""arguments"":{""missing_field"":""recipient_and_message"",""question"":""Mesajı kime ve ne olarak göndermemi istiyorsunuz?""}}"
Uyku alarmı kur,ask_clarification,"{""missing_field"": ""time"", ""question"": ""Alarmı saat kaça kurmamı istersiniz?""}",ask_clarification,"{""missing_field"": ""time"", ""question"": ""Uyku alarmını saat kaça kurayım?""}",True,"{""name"":""ask_clarification"",""arguments"":{""missing_field"":""time"",""question"":""Uyku alarmını saat kaça kurayım?""}}"
alo de,ask_clarification,"{""missing_field"": ""recipient"", ""question"": ""Kiminle konuşmak istiyorsunuz?""}",send_message,"{""app"": ""sms"", ""message"": ""de"", ""recipient"": ""Alo""}",True,"{""name"":""send_message"",""arguments"":{""recipient"":""Alo"",""message"":""de"",""app"":""sms""}}"
mesaj nereye gidiyor,ask_clarification,"{""missing_field"": ""recipient"", ""question"": ""Mesajı kime göndermemi istiyorsunuz?""}",ask_clarification,"{""missing_field"": ""recipient_and_message"", ""question"": ""Mesajı kime ve ne olarak göndermemi istiyorsunuz?""}",True,"{""name"":""ask_clarification"",""arguments"":{""missing_field"":""recipient_and_message"",""question"":""Mesajı kime ve ne olarak göndermemi istiyorsunuz?""}}"
wifiyi napayım,ask_clarification,"{""missing_field"": ""value"", ""question"": ""WiFi ayarını açmamı mı kapatmamı mı istiyorsunuz?""}",change_device_setting,"{""setting"": ""wifi"", ""value"": ""off""}",True,"{""name"":""change_device_setting"",""arguments"":{""setting"":""wifi"",""value"":""off""}}"
Alarm aç saat on bir,set_alarm,"{""date"": ""today_or_next_occurrence"", ""label"": null, ""time"": ""11:00""}",set_alarm,"{""date"": ""today_or_next_occurrence"", ""label"": null, ""time"": ""13:00""}",True,"{""name"":""set_alarm"",""arguments"":{""time"":""13:00"",""date"":""today_or_next_occurrence"",""label"":null}}"
Hemen bir not almam gerekiyor,ask_clarification,"{""missing_field"": ""content"", ""question"": ""Hemen not alıyorum, ne yazmalıyım?""}",ask_clarification,"{""missing_field"": ""content"", ""question"": ""Nota ne yazmamı istiyorsunuz?""}",True,"{""name"":""ask_clarification"",""arguments"":{""missing_field"":""content"",""question"":""Nota ne yazmamı istiyorsunuz?""}}"
telefon etsene,ask_clarification,"{""missing_field"": ""recipient"", ""question"": ""Kime telefon edeyim?""}",ask_clarification,"{""missing_field"": ""recipient"", ""question"": ""Kimi aramamı istiyorsunuz?""}",True,"{""name"":""ask_clarification"",""arguments"":{""missing_field"":""recipient"",""question"":""Kimi aramamı istiyorsunuz?""}}"
Pazar günü bana bir uyarı koy,ask_clarification,"{""missing_field"": ""text"", ""question"": ""Pazar günü için hangi uyarıyı koymamı istersiniz?""}",ask_clarification,"{""missing_field"": ""text"", ""question"": ""Pazar günü neyi hatırlatmamı istersiniz?""}",True,"{""name"":""ask_clarification"",""arguments"":{""missing_field"":""text"",""question"":""Pazar günü neyi hatırlatmamı istersiniz?""}}"
Kira ödemesini hatırlatır mısın,create_reminder,"{""date"": null, ""text"": ""kira öde"", ""time"": null}",create_reminder,"{""date"": null, ""text"": ""kira ödemesi yap"", ""time"": null}",True,"{""name"":""create_reminder"",""arguments"":{""text"":""kira ödemesi yap"",""date"":null,""time"":null}}"
Metni düzenleyip gönder,ask_clarification,"{""missing_field"": ""text"", ""question"": ""Düzenlenecek metin nedir?""}",ask_clarification,"{""missing_field"": ""text"", ""question"": ""Hangi metni düzenleymemi istiyorsunuz?""}",True,"{""name"":""ask_clarification"",""arguments"":{""missing_field"":""text"",""question"":""Hangi metni düzenleymemi istiyorsunuz?""}}"
E-okul veli bilgilendirmeyi aç,open_app,"{""app_name"": ""e-Okul Veli Bilgilendirme""}",request_confirmation,"{""action"": ""okul veli bilgilerini aç"", ""question"": ""Okunacak veli bilgileriniz okuma servisine yükledim.""}",True,"{""name"":""request_confirmation"",""arguments"":{""action"":""okul veli bilgilerini aç"",""question"":""Okunacak veli bilgileriniz okuma servisine yükledim.""}}"
Otomatik parlaklık,ask_clarification,"{""missing_field"": ""value"", ""question"": ""Otomatik parlaklığı açayım mı kapatayım mı?""}",ask_clarification,"{""missing_field"": ""value"", ""question"": ""Otomatik parlaklık ayarını açayım mı kapatayım mı?""}",True,"{""name"":""ask_clarification"",""arguments"":{""missing_field"":""value"",""question"":""Otomatik parlaklık ayarını açayım mı kapatayım mı?""}}"
Konser planı oluştur,ask_clarification,"{""missing_field"": ""date"", ""question"": ""Konser planı hangi tarihte olsun?""}",ask_clarification,"{""missing_field"": ""date"", ""question"": ""Konser hangi tarihte olsun?""}",True,"{""name"":""ask_clarification"",""arguments"":{""missing_field"":""date"",""question"":""Konser hangi tarihte olsun?""}}"
Bunu anımsat,ask_clarification,"{""missing_field"": ""task"", ""question"": ""Size neyi hatırlatmamı istiyorsunuz?""}",ask_clarification,"{""missing_field"": ""text"", ""question"": ""Mesajın içeriği ne olmasını istiyorsunuz?""}",True,"{""name"":""ask_clarification"",""arguments"":{""missing_field"":""text"",""question"":""Mesajın içeriği ne olmasını istiyorsunuz?""}}"
Uygulama seç,ask_clarification,"{""missing_field"": ""app"", ""question"": ""Mesajı SMS, WhatsApp veya Telegram üzerinden mi göndermemi istiyorsunuz?""}",ask_clarification,"{""missing_field"": ""app_name"", ""question"": ""Hangi uygulamayı açmamı istiyorsunuz?""}",True,"{""name"":""ask_clarification"",""arguments"":{""missing_field"":""app_name"",""question"":""Hangi uygulamayı açmamı istiyorsunuz?""}}"
şu şeyi aç,ask_clarification,"{""missing_field"": ""app_name"", ""question"": ""Hangi uygulamayı açmamı istiyorsunuz?""}",ask_clarification,"{""missing_field"": ""setting"", ""question"": ""Hangi telefon ayarını değiştirmemi istiyorsunuz?""}",True,"{""name"":""ask_clarification"",""arguments"":{""missing_field"":""setting"",""question"":""Hangi telefon ayarını değiştirmemi istiyorsunuz?""}}"
havalanına toplo taşımayla,start_navigation,"{""destination"": ""Havaalanı"", ""mode"": ""transit""}",start_navigation,"{""destination"": ""Havalimanı"", ""mode"": ""transit""}",True,"{""name"":""start_navigation"",""arguments"":{""destination"":""Havalimanı"",""mode"":""transit""}}"
Necmi'ye whatsapp'tan yüksek enflasyon açıklandı yaz,send_message,"{""app"": ""whatsapp"", ""message"": ""Yüksek enflasyon açıklandı."", ""recipient"": ""Necmi""}",send_message,"{""app"": ""whatsapp"", ""message"": ""Hight enflasyon açıklandı."", ""recipient"": ""Necmi""}",True,"{""name"":""send_message"",""arguments"":{""recipient"":""Necmi"",""message"":""Hight enflasyon açıklandı."",""app"":""whatsapp""}}"
Sinem'e telegram'dan enerji tasarrufu hakkında makale at,send_message,"{""app"": ""telegram"", ""message"": ""Enerji tasarrufu hakkında makale buldum, atıyorum."", ""recipient"": ""Sinem""}",send_message,"{""app"": ""telegram"", ""message"": ""Enerji tasarrufu hakkında makale at."", ""recipient"": ""Sinem""}",True,"{""name"":""send_message"",""arguments"":{""recipient"":""Sinem"",""message"":""Enerji tasarrufu hakkında makale at."",""app"":""telegram""}}"
Bağatır'a telegram'dan prova tamamlandı yaz,send_message,"{""app"": ""telegram"", ""message"": ""Prova tamamlandı."", ""recipient"": ""Bağatır""}",send_message,"{""app"": ""telegram"", ""message"": ""Prova tamamlandı."", ""recipient"": ""Baagatir""}",True,"{""name"":""send_message"",""arguments"":{""recipient"":""Baagatir"",""message"":""Prova tamamlandı."",""app"":""telegram""}}"
Metro rotası çıkar,ask_clarification,"{""missing_field"": ""destination"", ""question"": ""Metro rotasını hangi hedefe çıkarayım?""}",start_navigation,"{""destination"": ""Metro station"", ""mode"": ""driving""}",True,"{""name"":""start_navigation"",""arguments"":{""destination"":""Metro station"",""mode"":""driving""}}"
Yeni kategori oluştur,ask_clarification,"{""missing_field"": ""title"", ""question"": ""Kategorinin adı ne olsun?""}",ask_clarification,"{""missing_field"": ""title"", ""question"": ""Kategoride ne yazayım?""}",True,"{""name"":""ask_clarification"",""arguments"":{""missing_field"":""title"",""question"":""Kategoride ne yazayım?""}}"
İndirilenler klasörünü tamamen sil,request_confirmation,"{""action"": ""indirilenleri temizle"", ""question"": ""İndirilenler klasöründeki her şey kalıcı olarak silinecek. Devam etmek istiyor musunuz?""}",request_confirmation,"{""action"": ""indirilenleri sil"", ""question"": ""Tüm indirdiğiniz dosyaları cihazınızdan kaldırmak istediğinize emin misiniz?""}",True,"{""name"":""request_confirmation"",""arguments"":{""action"":""indirilenleri sil"",""question"":""Tüm indirdiğiniz dosyaları cihazınızdan kaldırmak istediğinize emin misiniz?""}}"
Ofis eksikleri başlığına fotokopi kağıdı ve zımba teli yaz,create_note,"{""content"": ""fotokopi kağıdı ve zımba teli"", ""title"": ""Ofis eksikleri""}",create_note,"{""content"": "" Fotokopi kağıdı ve zımba teli"", ""title"": ""Ofis eksikleri""}",True,"{""name"":""create_note"",""arguments"":{""title"":""Ofis eksikleri"",""content"":"" Fotokopi kağıdı ve zımba teli""}}"
Fırındaki yemek için uyar,ask_clarification,"{""missing_field"": ""duration_minutes"", ""question"": ""Yemek için fırın süresi kaç dakika?""}",ask_clarification,"{""missing_field"": ""time"", ""question"": ""Yapılacak yemeği saat kaça kurmamı istiyorsunuz?""}",True,"{""name"":""ask_clarification"",""arguments"":{""missing_field"":""time"",""question"":""Yapılacak yemeği saat kaça kurmamı istiyorsunuz?""}}"
Dizi ara,ask_clarification,"{""missing_field"": ""query"", ""question"": ""Hangi diziyi arayayım?""}",ask_clarification,"{""missing_field"": ""query"", ""question"": ""Hangi dizi aramamı istiyorsunuz?""}",True,"{""name"":""ask_clarification"",""arguments"":{""missing_field"":""query"",""question"":""Hangi dizi aramamı istiyorsunuz?""}}"
pazartesi saat 07:30 alarm kur,set_alarm,"{""date"": ""monday"", ""label"": ""ilaç"", ""time"": ""07:30""}",set_alarm,"{""date"": ""monday"", ""label"": null, ""time"": ""07:30""}",True,"{""name"":""set_alarm"",""arguments"":{""time"":""07:30"",""date"":""monday"",""label"":null}}"
Bugün on birde uyandır beni,set_alarm,"{""date"": ""today_or_next_occurrence"", ""label"": null, ""time"": ""11:00""}",set_alarm,"{""date"": ""today_or_next_occurrence"", ""label"": null, ""time"": ""10:00""}",True,"{""name"":""set_alarm"",""arguments"":{""time"":""10:00"",""date"":""today_or_next_occurrence"",""label"":null}}"
Sayacı aç,ask_clarification,"{""missing_field"": ""duration"", ""question"": ""Zamanlayıcıyı ne kadar süre için kurmamı istiyorsunuz?""}",ask_clarification,"{""missing_field"": ""duration_minutes"", ""question"": ""Zamanlayıcıyı ne kadar süre için kurmamı istiyorsunuz?""}",True,"{""name"":""ask_clarification"",""arguments"":{""missing_field"":""duration_minutes"",""question"":""Zamanlayıcıyı ne kadar süre için kurmamı istiyorsunuz?""}}"
Acil mesaj yolla,ask_clarification,"{""missing_field"": ""recipient_and_message"", ""question"": ""Acil mesajı kime ve ne olarak yollayayım?""}",ask_clarification,"{""missing_field"": ""recipient_and_message"", ""question"": ""Mesajı kime ve ne olarak göndermemi istiyorsunuz?""}",True,"{""name"":""ask_clarification"",""arguments"":{""missing_field"":""recipient_and_message"",""question"":""Mesajı kime ve ne olarak göndermemi istiyorsunuz?""}}"
Cumartesi halı saha maçı var 21:00,create_reminder,"{""date"": ""saturday"", ""text"": ""halı saha maçına git"", ""time"": ""21:00""}",create_reminder,"{""date"": ""saturday"", ""text"": ""halı saha maçını oku"", ""time"": ""21:00""}",True,"{""name"":""create_reminder"",""arguments"":{""text"":""halı saha maçını oku"",""date"":""saturday"",""time"":""21:00""}}"
kim olduğunu anlamadım,ask_clarification,"{""missing_field"": ""recipient"", ""question"": ""Mesajı kime göndermemi istiyorsunuz?""}",ask_clarification,"{""missing_field"": ""recipient"", ""question"": ""Kimi aramamı istiyorsunuz?""}",True,"{""name"":""ask_clarification"",""arguments"":{""missing_field"":""recipient"",""question"":""Kimi aramamı istiyorsunuz?""}}"
kime mesaj atayım bilmiyorum,ask_clarification,"{""missing_field"": ""recipient"", ""question"": ""Mesajı kime göndermemi istiyorsunuz?""}",ask_clarification,"{""missing_field"": ""recipient_and_message"", ""question"": ""Mesajı kime ve ne olarak göndermemi istiyorsunuz?""}",True,"{""name"":""ask_clarification"",""arguments"":{""missing_field"":""recipient_and_message"",""question"":""Mesajı kime ve ne olarak göndermemi istiyorsunuz?""}}"
Watsap web qr kod okutma,search_web,"{""query"": ""WhatsApp Web giriş QR kodu okutma""}",search_web,"{""query"": ""WhatsApp uygulamasını aç ve QR kodu okumak için yap""}",True,"{""name"":""search_web"",""arguments"":{""query"":""WhatsApp uygulamasını aç ve QR kodu okumak için yap""}}"
Yüz tanıma verilerini kaldır,request_confirmation,"{""action"": ""yüz tanıma verilerini kaldır"", ""question"": ""Yüz tanıma (Face ID) verileriniz kalıcı olarak silinecek. Güvenlik için tekrar kurulum gerekebilir. Devam edilsin mi?""}",request_confirmation,"{""action"": ""yüz tanıma sil"", ""question"": ""Yüz tanıma verileriniz cihazdan kaldırmak istediğinize emin misiniz?""}",True,"{""name"":""request_confirmation"",""arguments"":{""action"":""yüz tanıma sil"",""question"":""Yüz tanıma verileriniz cihazdan kaldırmak istediğinize emin misiniz?""}}"
başlat,ask_clarification,"{""missing_field"": ""app_name"", ""question"": ""Hangi uygulamayı açmamı istiyorsunuz?""}",ask_clarification,"{""missing_field"": ""setting"", ""question"": ""Hangi telefon ayarını değiştirmemi istiyorsunuz?""}",True,"{""name"":""ask_clarification"",""arguments"":{""missing_field"":""setting"",""question"":""Hangi telefon ayarını değiştirmemi istiyorsunuz?""}}"
Bozcaada feribot iskelesine yol tarifi,start_navigation,"{""destination"": ""Bozcaada feribot iskelesi"", ""mode"": ""driving""}",start_navigation,"{""destination"": ""Feribot iskelesi"", ""mode"": ""driving""}",True,"{""name"":""start_navigation"",""arguments"":{""destination"":""Feribot iskelesi"",""mode"":""driving""}}"
Birisine mesaj at,ask_clarification,"{""missing_field"": ""recipient"", ""question"": ""Mesajı kime göndermemi istiyorsunuz?""}",ask_clarification,"{""missing_field"": ""recipient_and_message"", ""question"": ""Mesajı kime ve ne olarak göndermemi istiyorsunuz?""}",True,"{""name"":""ask_clarification"",""arguments"":{""missing_field"":""recipient_and_message"",""question"":""Mesajı kime ve ne olarak göndermemi istiyorsunuz?""}}"
Ekip kanalına yaz,ask_clarification,"{""missing_field"": ""recipient_and_message"", ""question"": ""Hangi kanala ve ne yazmamı istiyorsunuz?""}",ask_clarification,"{""missing_field"": ""content"", ""question"": ""Ekip kanalına ne yazmamı istiyorsunuz?""}",True,"{""name"":""ask_clarification"",""arguments"":{""missing_field"":""content"",""question"":""Ekip kanalına ne yazmamı istiyorsunuz?""}}"
Babam'a sabh erkenden çıkıcam yaz,send_message,"{""app"": ""sms"", ""message"": ""Sabah erkenden çıkacağım."", ""recipient"": ""Babam""}",send_message,"{""app"": ""sms"", ""message"": ""Sabah erkenden çıkım."", ""recipient"": ""Babam""}",True,"{""name"":""send_message"",""arguments"":{""recipient"":""Babam"",""message"":""Sabah erkenden çıkım."",""app"":""sms""}}"
On kırkta beni kaldır,set_alarm,"{""date"": ""today_or_next_occurrence"", ""label"": null, ""time"": ""10:40""}",set_alarm,"{""date"": ""today_or_next_occurrence"", ""label"": null, ""time"": ""15:40""}",True,"{""name"":""set_alarm"",""arguments"":{""time"":""15:40"",""date"":""today_or_next_occurrence"",""label"":null}}"
Davet e-postası gönder,ask_clarification,"{""missing_field"": ""recipient_and_message"", ""question"": ""Davet e-postasını kime ve ne içerikle göndereyim?""}",ask_clarification,"{""missing_field"": ""recipient_and_message"", ""question"": ""Davet e-postasını kime ve ne olarak göndereyim?""}",True,"{""name"":""ask_clarification"",""arguments"":{""missing_field"":""recipient_and_message"",""question"":""Davet e-postasını kime ve ne olarak göndereyim?""}}"
Gece yirmi üçe alarm,set_alarm,"{""date"": ""today_or_next_occurrence"", ""label"": null, ""time"": ""23:00""}",set_alarm,"{""date"": ""today_or_next_occurrence"", ""label"": null, ""time"": ""20:30""}",True,"{""name"":""set_alarm"",""arguments"":{""time"":""20:30"",""date"":""today_or_next_occurrence"",""label"":null}}"
Hatırlatma yap bana akşam,ask_clarification,"{""missing_field"": ""text"", ""question"": ""Akşam size ne hakkında hatırlatma yapmamı istersiniz?""}",ask_clarification,"{""missing_field"": ""text"", ""question"": ""Akşam için neyi hatırlatmamı istersiniz?""}",True,"{""name"":""ask_clarification"",""arguments"":{""missing_field"":""text"",""question"":""Akşam için neyi hatırlatmamı istersiniz?""}}"
Baş ağrısına ne iyi gelir,search_web,"{""query"": ""Baş ağrısına doğal çözümler""}",search_web,"{""query"": ""Baş ağrısı kliniği ve yemekleri""}",True,"{""name"":""search_web"",""arguments"":{""query"":""Baş ağrısı kliniği ve yemekleri""}}"
Murat'a mesaj gönderir misin,ask_clarification,"{""missing_field"": ""message"", ""question"": ""Hangi mesajı göndermemi istiyorsunuz?""}",ask_clarification,"{""missing_field"": ""message"", ""question"": ""Murat'a hangi mesajı göndereyim?""}",True,"{""name"":""ask_clarification"",""arguments"":{""missing_field"":""message"",""question"":""Murat'a hangi mesajı göndereyim?""}}"
Güven'e whatsapp'tan konser iptal mi sor,send_message,"{""app"": ""whatsapp"", ""message"": ""Konser iptal mi?"", ""recipient"": ""Güven""}",send_message,"{""app"": ""whatsapp"", ""message"": ""Konser iptal mı?"", ""recipient"": ""Güven""}",True,"{""name"":""send_message"",""arguments"":{""recipient"":""Güven"",""message"":""Konser iptal mı?"",""app"":""whatsapp""}}"
sabah 9 alarmını aç,set_alarm,"{""date"": ""tomorrow"", ""label"": ""namaz"", ""time"": ""09:00""}",set_alarm,"{""date"": ""tomorrow"", ""label"": ""spor"", ""time"": ""09:00""}",True,"{""name"":""set_alarm"",""arguments"":{""time"":""09:00"",""date"":""tomorrow"",""label"":""spor""}}"
Son cevapsız aramayı geri ara,ask_clarification,"{""missing_field"": ""recipient"", ""question"": ""Hangi cevapsız aramayı geri arayayım?""}",search_web,"{""query"": ""son cevapsız arama listesi""}",True,"{""name"":""search_web"",""arguments"":{""query"":""son cevapsız arama listesi""}}"
En yakın AVM'ye götür,start_navigation,"{""destination"": ""En yakın AVM"", ""mode"": ""driving""}",start_navigation,"{""destination"": ""AVM"", ""mode"": ""driving""}",True,"{""name"":""start_navigation"",""arguments"":{""destination"":""AVM"",""mode"":""driving""}}"
Panoya metin ekle,ask_clarification,"{""missing_field"": ""text"", ""question"": ""Panoya hangi metni ekleyeyim?""}",ask_clarification,"{""missing_field"": ""date"", ""question"": ""Metni hangi tarihte ekleyeyim?""}",True,"{""name"":""ask_clarification"",""arguments"":{""missing_field"":""date"",""question"":""Metni hangi tarihte ekleyeyim?""}}"
onu başlat,ask_clarification,"{""missing_field"": ""app_name"", ""question"": ""Hangi uygulamayı açmamı istiyorsunuz?""}",open_app,"{""app_name"": ""On""}",True,"{""name"":""open_app"",""arguments"":{""app_name"":""On""}}"
bana twiter aç,open_app,"{""app_name"": ""X""}",open_app,"{""app_name"": ""Twitter""}",True,"{""name"":""open_app"",""arguments"":{""app_name"":""Twitter""}}"
Wimbledon tenis turnuvası ne zaman başlıyor,search_web,"{""query"": ""Wimbledon tenis turnuvası başlangıç tarihi""}",search_web,"{""query"": ""Wimbledon tenis turnuvası tarihi""}",True,"{""name"":""search_web"",""arguments"":{""query"":""Wimbledon tenis turnuvası tarihi""}}"
Geri sayım kur,ask_clarification,"{""missing_field"": ""duration_minutes"", ""question"": ""Geri sayım için dakika belirtir misiniz?""}",ask_clarification,"{""missing_field"": ""duration_minutes"", ""question"": ""Zamanlayıcıyı ne kadar süre için kurmamı istiyorsunuz?""}",True,"{""name"":""ask_clarification"",""arguments"":{""missing_field"":""duration_minutes"",""question"":""Zamanlayıcıyı ne kadar süre için kurmamı istiyorsunuz?""}}"
İşe navigasyon aç,ask_clarification,"{""missing_field"": ""destination"", ""question"": ""Hangi iş adresine navigasyon açayım?""}",ask_clarification,"{""missing_field"": ""destination"", ""question"": ""Hangi İş için navigasyon açayım?""}",True,"{""name"":""ask_clarification"",""arguments"":{""missing_field"":""destination"",""question"":""Hangi İş için navigasyon açayım?""}}"
pazar günü şey yap,ask_clarification,"{""missing_field"": ""text"", ""question"": ""Pazar günü ne yapmamı veya size neyi hatırlatmamı istersiniz?""}",ask_clarification,"{""missing_field"": ""text"", ""question"": ""Pazar günü neyi hatırlatmamı istiyorsunuz?""}",True,"{""name"":""ask_clarification"",""arguments"":{""missing_field"":""text"",""question"":""Pazar günü neyi hatırlatmamı istiyorsunuz?""}}"
Elif'e mesaj gönder: Toplantı 3'te.,send_message,"{""app"": ""whatsapp"", ""message"": ""Toplantı 3'te."", ""recipient"": ""Elif""}",send_message,"{""app"": ""sms"", ""message"": ""Toplantı 3'te."", ""recipient"": ""Elif""}",True,"{""name"":""send_message"",""arguments"":{""recipient"":""Elif"",""message"":""Toplantı 3'te."",""app"":""sms""}}"
Bulut dosyalarım için Drive'ı aç,open_app,"{""app_name"": ""Google Drive""}",open_app,"{""app_name"": ""Drive""}",True,"{""name"":""open_app"",""arguments"":{""app_name"":""Drive""}}"
Kargocuyu bağla,call_contact,"{""recipient"": ""Kargocu""}",call_contact,"{""recipient"": ""Kargocuy""}",True,"{""name"":""call_contact"",""arguments"":{""recipient"":""Kargocuy""}}"
En popüler parfüm erkek,search_web,"{""query"": ""En çok tercih edilen erkek parfümleri""}",search_web,"{""query"": ""En popüler parfümları kadın""}",True,"{""name"":""search_web"",""arguments"":{""query"":""En popüler parfümları kadın""}}"
Faruk'a sms yaz şu an yoğunum sonra ararım,send_message,"{""app"": ""sms"", ""message"": ""Şu an yoğunum, sonra ararım."", ""recipient"": ""Faruk""}",send_message,"{""app"": ""sms"", ""message"": ""Şu an yoğunum sonra ararım."", ""recipient"": ""Faruk""}",True,"{""name"":""send_message"",""arguments"":{""recipient"":""Faruk"",""message"":""Şu an yoğunum sonra ararım."",""app"":""sms""}}"
Behice'ye sms at gece bekle,send_message,"{""app"": ""sms"", ""message"": ""Gece bekle."", ""recipient"": ""Behice""}",send_message,"{""app"": ""sms"", ""message"": ""Gece bekle."", ""recipient"": ""Behace""}",True,"{""name"":""send_message"",""arguments"":{""recipient"":""Behace"",""message"":""Gece bekle."",""app"":""sms""}}"
Beni kaldır,ask_clarification,"{""missing_field"": ""time"", ""question"": ""Alarmı saat kaça kurmamı istiyorsunuz?""}",ask_clarification,"{""missing_field"": ""action"", ""question"": ""Neyi kaldırmamı istiyorsunuz?""}",True,"{""name"":""ask_clarification"",""arguments"":{""missing_field"":""action"",""question"":""Neyi kaldırmamı istiyorsunuz?""}}"
Etkinlik oluştur,ask_clarification,"{""missing_field"": ""title"", ""question"": ""Takvime eklenecek etkinliğin başlığı ne olsun?""}",ask_clarification,"{""missing_field"": ""title"", ""question"": ""Teknoloğunun başlığı ne olsun?""}",True,"{""name"":""ask_clarification"",""arguments"":{""missing_field"":""title"",""question"":""Teknoloğunun başlığı ne olsun?""}}"
Gülnaz'a whatsapp'tan annemin doğum günü ne zaman sor,send_message,"{""app"": ""whatsapp"", ""message"": ""Annemin doğum günü ne zaman?"", ""recipient"": ""Gülnaz""}",send_message,"{""app"": ""whatsapp"", ""message"": ""Annemi doğum günü ne zaman?"", ""recipient"": ""Gülnaz""}",True,"{""name"":""send_message"",""arguments"":{""recipient"":""Gülnaz"",""message"":""Annemi doğum günü ne zaman?"",""app"":""whatsapp""}}"
Antalya haftalık hava durumuna bak,search_web,"{""query"": ""Antalya haftalık hava durumuna bak""}",search_web,"{""query"": ""Antalya haftalık hava durumu""}",True,"{""name"":""search_web"",""arguments"":{""query"":""Antalya haftalık hava durumu""}}"
Galerideki her şeyi sil,request_confirmation,"{""action"": ""galeriyi tamamen sil"", ""question"": ""Galerinizdeki tüm medya dosyalarını silmek üzeresiniz. Emin misiniz?""}",request_confirmation,"{""action"": ""galeriden tüm yerleri sil"", ""question"": ""Galerinizdeki her şeyi kalıcı olarak silinecek. Devam etmek istiyor musunuz?""}",True,"{""name"":""request_confirmation"",""arguments"":{""action"":""galeriden tüm yerleri sil"",""question"":""Galerinizdeki her şeyi kalıcı olarak silinecek. Devam etmek istiyor musunuz?""}}"
Ekranda siyah leke var neden,search_web,"{""query"": ""Telefon ekranında siyah leke ölü piksel çözümü""}",search_web,"{""query"": ""siyah lekeleri kapat ve aç""}",True,"{""name"":""search_web"",""arguments"":{""query"":""siyah lekeleri kapat ve aç""}}"
Saat ayarını aç,ask_clarification,"{""missing_field"": ""setting"", ""question"": ""Hangi saat ayarını açmamı istiyorsunuz?""}",open_app,"{""app_name"": ""Saat""}",True,"{""name"":""open_app"",""arguments"":{""app_name"":""Saat""}}"
Komşuyu ara,call_contact,"{""recipient"": ""Komşu""}",ask_clarification,"{""missing_field"": ""recipient"", ""question"": ""Hangi kişiyi aramamı istersiniz?""}",True,"{""name"":""ask_clarification"",""arguments"":{""missing_field"":""recipient"",""question"":""Hangi kişiyi aramamı istersiniz?""}}"
Yeliz'e whatsapp'tan güle güle geçmiş olsun yaz,send_message,"{""app"": ""whatsapp"", ""message"": ""Güle güle, geçmiş olsun!"", ""recipient"": ""Yeliz""}",send_message,"{""app"": ""whatsapp"", ""message"": ""Güle güle geçmiş olsun!"", ""recipient"": ""Yeliz""}",True,"{""name"":""send_message"",""arguments"":{""recipient"":""Yeliz"",""message"":""Güle güle geçmiş olsun!"",""app"":""whatsapp""}}"
Mücver malzemeleri nelerdir,search_web,"{""query"": ""Mücver malzemeleri""}",search_web,"{""query"": ""Müchner malzemeleri""}",True,"{""name"":""search_web"",""arguments"":{""query"":""Müchner malzemeleri""}}"
Postaneye yaya rota oluştur,start_navigation,"{""destination"": ""Postane"", ""mode"": ""walking""}",start_navigation,"{""destination"": ""Posta"", ""mode"": ""walking""}",True,"{""name"":""start_navigation"",""arguments"":{""destination"":""Posta"",""mode"":""walking""}}"
gece 10 buçuk olunca arabayı yıka diye uyar,create_reminder,"{""date"": ""friday"", ""text"": ""arabayı yıka"", ""time"": ""22:30""}",create_reminder,"{""date"": ""monday"", ""text"": ""arabayı yıka"", ""time"": ""22:30""}",True,"{""name"":""create_reminder"",""arguments"":{""text"":""arabayı yıka"",""date"":""monday"",""time"":""22:30""}}"
Yeni nota kan tahlili randevusu alınacak yaz,create_note,"{""content"": ""kan tahlili randevusu alınacak"", ""title"": ""Alışveriş listesi""}",create_note,"{""content"": ""kan tahlili randevusu alınacak"", ""title"": ""Kardeşim numarasını""}",True,"{""name"":""create_note"",""arguments"":{""title"":""Kardeşim numarasını"",""content"":""kan tahlili randevusu alınacak""}}"
Çalışma süresi için 2 saat zamanlayıcı ayarla,set_timer,"{""duration_minutes"": 120, ""label"": ""çalışma""}",set_timer,"{""duration_minutes"": 120, ""label"": ""çalışma süresi""}",True,"{""name"":""set_timer"",""arguments"":{""duration_minutes"":120,""label"":""çalışma süresi""}}"
çalıştır,ask_clarification,"{""missing_field"": ""setting"", ""question"": ""Hangi telefon ayarını değiştirmemi istiyorsunuz?""}",ask_clarification,"{""missing_field"": ""app_name"", ""question"": ""Hangi uygulamayı açmamı istiyorsunuz?""}",True,"{""name"":""ask_clarification"",""arguments"":{""missing_field"":""app_name"",""question"":""Hangi uygulamayı açmamı istiyorsunuz?""}}"
Eve navigasyon başlat,start_navigation,"{""destination"": ""Ev"", ""mode"": ""driving""}",ask_clarification,"{""missing_field"": ""destination"", ""question"": ""Nereye navigasyon başlatmamı istiyorsunuz?""}",True,"{""name"":""ask_clarification"",""arguments"":{""missing_field"":""destination"",""question"":""Nereye navigasyon başlatmamı istiyorsunuz?""}}"
Hatırlatıcı kurar mısın,ask_clarification,"{""missing_field"": ""text"", ""question"": ""Hatırlatıcıyı ne için kurmamı istersiniz?""}",ask_clarification,"{""missing_field"": ""task"", ""question"": ""Size neyi hatırlatmamı istiyorsunuz?""}",True,"{""name"":""ask_clarification"",""arguments"":{""missing_field"":""task"",""question"":""Size neyi hatırlatmamı istiyorsunuz?""}}"
"Artık ulaşılabilir olayım, modu kapat",change_device_setting,"{""setting"": ""do_not_disturb"", ""value"": ""off""}",change_device_setting,"{""setting"": ""location"", ""value"": ""off""}",True,"{""name"":""change_device_setting"",""arguments"":{""setting"":""location"",""value"":""off""}}"
Sağlık notu: vitamin hapları sabah tok karnına içilecek,create_note,"{""content"": ""vitamin hapları sabah tok karnına içilecek"", ""title"": ""Sağlık notu""}",create_note,"{""content"": ""vitamin hapları sabah tok karnına içilecek"", ""title"": ""Sağlık""}",True,"{""name"":""create_note"",""arguments"":{""title"":""Sağlık"",""content"":""vitamin hapları sabah tok karnına içilecek""}}"
Trendyol uygulamasını kaldır,request_confirmation,"{""action"": ""Trendyol uygulamasını kaldır"", ""question"": ""Trendyol uygulamasını silmek istediğinizden emin misiniz?""}",request_confirmation,"{""action"": ""Trendyol uygulamasını kaldır"", ""question"": ""Trendyol uygulamanızdan çıkılacak tüm içerikler ve ayarlar silinecek. Devam etmek istiyor musunuz?""}",True,"{""name"":""request_confirmation"",""arguments"":{""action"":""Trendyol uygulamasını kaldır"",""question"":""Trendyol uygulamanızdan çıkılacak tüm içerikler ve ayarlar silinecek. Devam etmek istiyor musunuz?""}}"
Bana şeyi hatırlat ya,ask_clarification,"{""missing_field"": ""text"", ""question"": ""Size neyi hatırlatmamı istersiniz?""}",ask_clarification,"{""missing_field"": ""text"", ""question"": ""Neyi hatırlatmamı istiyorsunuz?""}",True,"{""name"":""ask_clarification"",""arguments"":{""missing_field"":""text"",""question"":""Neyi hatırlatmamı istiyorsunuz?""}}"
Sunum oluştur,ask_clarification,"{""missing_field"": ""title"", ""question"": ""Sunumun başlığı ne olsun?""}",ask_clarification,"{""missing_field"": ""title"", ""question"": ""Sunum başlığı ne olsun?""}",True,"{""name"":""ask_clarification"",""arguments"":{""missing_field"":""title"",""question"":""Sunum başlığı ne olsun?""}}"
Kolay Zeytinyağlı sarma nasıl yapılır ara,search_web,"{""query"": ""Kolay Zeytinyağlı sarma nasıl yapılır""}",search_web,"{""query"": ""Kolay Zeytiny Baghdışlı sarma nasıl yapılır""}",True,"{""name"":""search_web"",""arguments"":{""query"":""Kolay Zeytiny Baghdışlı sarma nasıl yapılır""}}"
bugün istanbulda yağmur var mı,search_web,"{""query"": ""İstanbul bugün hava durumu""}",search_web,"{""query"": ""İstanbul saat sabah 7 buçuk yağmur var mı""}",True,"{""name"":""search_web"",""arguments"":{""query"":""İstanbul saat sabah 7 buçuk yağmur var mı""}}"
Tüm fotoğrafları kalıcı olarak sil,request_confirmation,"{""action"": ""fotoğrafları kalıcı sil"", ""question"": ""Fotoğrafları kalıcı olarak silerseniz hiçbir şekilde kurtaramazsınız. Emin misiniz?""}",request_confirmation,"{""action"": ""tüm fotoğrafları sil"", ""question"": ""Cihazdaki tüm fotoğraflar kalıcı olarak silinecek. Devam etmek istiyor musunuz?""}",True,"{""name"":""request_confirmation"",""arguments"":{""action"":""tüm fotoğrafları sil"",""question"":""Cihazdaki tüm fotoğraflar kalıcı olarak silinecek. Devam etmek istiyor musunuz?""}}"
Kızı okuldan al saat 3 buçukta,create_reminder,"{""date"": null, ""text"": ""kızını okuldan al"", ""time"": ""15:30""}",set_alarm,"{""date"": ""today_or_next_occurrence"", ""label"": ""okul"", ""time"": ""15:30""}",True,"{""name"":""set_alarm"",""arguments"":{""time"":""15:30"",""date"":""today_or_next_occurrence"",""label"":""okul""}}"
Seçili fotoğrafları çöpe at,request_confirmation,"{""action"": ""seçili fotoğrafları sil"", ""question"": ""Seçtiğiniz fotoğrafları çöp kutusuna taşımak istediğinizden emin misiniz?""}",request_confirmation,"{""action"": ""seçilen fotoğrafları çöpleştirmek istiyor musun?"", ""question"": ""Tüm seçilen fotoğraflarınız çöpü çıkarılacak ve geri alılacaktır. Emin misiniz?""}",True,"{""name"":""request_confirmation"",""arguments"":{""action"":""seçilen fotoğrafları çöpleştirmek istiyor musun?"",""question"":""Tüm seçilen fotoğraflarınız çöpü çıkarılacak ve geri alılacaktır. Emin misiniz?""}}"
Bir şeyler dinlet,ask_clarification,"{""missing_field"": ""song"", ""question"": ""Hangi şarkıyı veya sanatçıyı çalmamı istiyorsunuz?""}",ask_clarification,"{""missing_field"": ""query"", ""question"": ""Ne aramamı istiyorsunuz?""}",True,"{""name"":""ask_clarification"",""arguments"":{""missing_field"":""query"",""question"":""Ne aramamı istiyorsunuz?""}}"
Altı kırk beşe alarm,set_alarm,"{""date"": ""today_or_next_occurrence"", ""label"": null, ""time"": ""06:45""}",set_alarm,"{""date"": ""today_or_next_occurrence"", ""label"": null, ""time"": ""06:30""}",True,"{""name"":""set_alarm"",""arguments"":{""time"":""06:30"",""date"":""today_or_next_occurrence"",""label"":null}}"
Eray'a whatsapp at konferansı kaçırma,send_message,"{""app"": ""whatsapp"", ""message"": ""Konferansı kaçırma."", ""recipient"": ""Eray""}",send_message,"{""app"": ""whatsapp"", ""message"": ""Konferansı kaçırma?"", ""recipient"": ""Eray""}",True,"{""name"":""send_message"",""arguments"":{""recipient"":""Eray"",""message"":""Konferansı kaçırma?"",""app"":""whatsapp""}}"
Misafir listesi yap,ask_clarification,"{""missing_field"": ""content"", ""question"": ""Misafir listesine kimleri ekleyeyim?""}",ask_clarification,"{""missing_field"": ""content"", ""question"": ""Misafir listesine neler yazayım?""}",True,"{""name"":""ask_clarification"",""arguments"":{""missing_field"":""content"",""question"":""Misafir listesine neler yazayım?""}}"
A101 Kapıda uygulamasını başlat,open_app,"{""app_name"": ""A101 Kapıda""}",open_app,"{""app_name"": ""Uygulamalar""}",True,"{""name"":""open_app"",""arguments"":{""app_name"":""Uygulamalar""}}"
Reşat'a sms yaz sigortayı yeniledim,send_message,"{""app"": ""sms"", ""message"": ""Sigortayı yeniledim."", ""recipient"": ""Reşat""}",send_message,"{""app"": ""sms"", ""message"": ""Sigortayı yenilemedim."", ""recipient"": ""Reşat""}",True,"{""name"":""send_message"",""arguments"":{""recipient"":""Reşat"",""message"":""Sigortayı yenilemedim."",""app"":""sms""}}"
Mehmet'i engelle,request_confirmation,"{""action"": ""Mehmet'i engelle"", ""question"": ""Mehmet'i engellerseniz size bir daha ulaşamayacaktır. Devam etmek istiyor musunuz?""}",request_confirmation,"{""action"": ""Mehmet'e mesaj at"", ""question"": ""Mehmet ile ilgili tüm mesajlar silinecek. Onaylıyor musunuz?""}",True,"{""name"":""request_confirmation"",""arguments"":{""action"":""Mehmet'e mesaj at"",""question"":""Mehmet ile ilgili tüm mesajlar silinecek. Onaylıyor musunuz?""}}"
Kamera albümünü temizle,request_confirmation,"{""action"": ""kamera albümünü temizle"", ""question"": ""Kamera albümündeki her şey silinmek üzere. Emin misiniz?""}",request_confirmation,"{""action"": ""kamera albümü sil"", ""question"": ""Kamera albmeyen yeriniz temizlenecek. Devam edilsin mi?""}",True,"{""name"":""request_confirmation"",""arguments"":{""action"":""kamera albümü sil"",""question"":""Kamera albmeyen yeriniz temizlenecek. Devam edilsin mi?""}}"
Bütçe tablosu oluştur,ask_clarification,"{""missing_field"": ""title"", ""question"": ""Bütçe tablosunun adı ne olsun?""}",ask_clarification,"{""missing_field"": ""content"", ""question"": ""Bu tablosunuzu hangi içerikle kullanayım?""}",True,"{""name"":""ask_clarification"",""arguments"":{""missing_field"":""content"",""question"":""Bu tablosunuzu hangi içerikle kullanayım?""}}"
Konum servislerini tamamen kapat,request_confirmation,"{""action"": ""konum servislerini kapat"", ""question"": ""Konum servislerini kapatırsanız navigasyon ve harita uygulamaları çalışmayacaktır. Emin misiniz?""}",change_device_setting,"{""setting"": ""location"", ""value"": ""off""}",True,"{""name"":""change_device_setting"",""arguments"":{""setting"":""location"",""value"":""off""}}"
Lütfen bana bir şey hatırlat,ask_clarification,"{""missing_field"": ""text"", ""question"": ""Size neyi hatırlatmamı istersiniz?""}",ask_clarification,"{""missing_field"": ""task"", ""question"": ""Size neyi hatırlatmamı istiyorsunuz?""}",True,"{""name"":""ask_clarification"",""arguments"":{""missing_field"":""task"",""question"":""Size neyi hatırlatmamı istiyorsunuz?""}}"
katlanır bisiklet fiyat performans incelemesi ara,search_web,"{""query"": ""katlanır bisiklet fiyat performans incelemesi""}",search_web,"{""query"": ""Katlanıra bisiklet fiyatı performans incelemesi""}",True,"{""name"":""search_web"",""arguments"":{""query"":""Katlanıra bisiklet fiyatı performans incelemesi""}}"
lütfen birini aç,ask_clarification,"{""missing_field"": ""app_name"", ""question"": ""Hangi uygulamayı açmamı istiyorsunuz?""}",ask_clarification,"{""missing_field"": ""recipient"", ""question"": ""Kimi aramamı istiyorsunuz?""}",True,"{""name"":""ask_clarification"",""arguments"":{""missing_field"":""recipient"",""question"":""Kimi aramamı istiyorsunuz?""}}"
Not: takım elbisemi kuru temizlemeye vereceğim,create_note,"{""content"": ""takım elbisemi kuru temizlemeye vereceğim"", ""title"": null}",create_note,"{""content"": ""tasnik elbissemi kuru temizlemeye vereceğim"", ""title"": null}",True,"{""name"":""create_note"",""arguments"":{""title"":null,""content"":""tasnik elbissemi kuru temizlemeye vereceğim""}}"
Perşembe saat dokuz alarmı,set_alarm,"{""date"": ""thursday"", ""label"": null, ""time"": ""09:00""}",set_alarm,"{""date"": ""thursday"", ""label"": null, ""time"": ""09:30""}",True,"{""name"":""set_alarm"",""arguments"":{""time"":""09:30"",""date"":""thursday"",""label"":null}}"
ilaç için sabah 9 alarmı kur,set_alarm,"{""date"": ""today"", ""label"": ""ilaç"", ""time"": ""09:00""}",set_alarm,"{""date"": ""tomorrow"", ""label"": ""ilaç"", ""time"": ""09:00""}",True,"{""name"":""set_alarm"",""arguments"":{""time"":""09:00"",""date"":""tomorrow"",""label"":""ilaç""}}"
Mihri'ye whatsapp'tan yurtdışı görev onaylandı yaz,send_message,"{""app"": ""whatsapp"", ""message"": ""Yurt dışı görev onaylandı."", ""recipient"": ""Mihri""}",send_message,"{""app"": ""whatsapp"", ""message"": ""Yurtdışı görev onaylandı."", ""recipient"": ""Mihri""}",True,"{""name"":""send_message"",""arguments"":{""recipient"":""Mihri"",""message"":""Yurtdışı görev onaylandı."",""app"":""whatsapp""}}"
Kıyamet kadar mesaj atma,ask_clarification,"{""missing_field"": ""recipient_and_message"", ""question"": ""Mesajı kime ve ne olarak göndermemi istiyorsunuz?""}",ask_clarification,"{""missing_field"": ""recipient_and_message"", ""question"": ""Kıyamet ile ne mesaj atayım?""}",True,"{""name"":""ask_clarification"",""arguments"":{""missing_field"":""recipient_and_message"",""question"":""Kıyamet ile ne mesaj atayım?""}}"
Antrenman 90 dakika,set_timer,"{""duration_minutes"": 90, ""label"": ""Antrenman""}",set_timer,"{""duration_minutes"": 90, ""label"": ""antrenman""}",True,"{""name"":""set_timer"",""arguments"":{""duration_minutes"":90,""label"":""antrenman""}}"
React vs Vue karşılaştırması,search_web,"{""query"": ""React ve Vue karşılaştırması""}",search_web,"{""query"": ""React vs Vue karşılaştırması""}",True,"{""name"":""search_web"",""arguments"":{""query"":""React vs Vue karşılaştırması""}}"
duraga nasl gdilir yaya,start_navigation,"{""destination"": ""Durak"", ""mode"": ""walking""}",search_web,"{""query"": ""Yemeksepeti uygulamasını aç ve duruma gözden geçir""}",True,"{""name"":""search_web"",""arguments"":{""query"":""Yemeksepeti uygulamasını aç ve duruma gözden geçir""}}"
siyah mod,ask_clarification,"{""missing_field"": ""value"", ""question"": ""Karanlık modu açmamı mı kapatmamı mı istiyorsunuz?""}",ask_clarification,"{""missing_field"": ""value"", ""question"": ""Açmamı mı kapatmamı mı istiyorsunuz?""}",True,"{""name"":""ask_clarification"",""arguments"":{""missing_field"":""value"",""question"":""Açmamı mı kapatmamı mı istiyorsunuz?""}}"
cuma saat 3 alarm kur,set_alarm,"{""date"": ""friday"", ""label"": ""spor"", ""time"": ""15:00""}",set_alarm,"{""date"": ""friday"", ""label"": null, ""time"": ""15:00""}",True,"{""name"":""set_alarm"",""arguments"":{""time"":""15:00"",""date"":""friday"",""label"":null}}"
Mesaj çek,ask_clarification,"{""missing_field"": ""recipient_and_message"", ""question"": ""Kime ve ne mesaj göndermemi istiyorsunuz?""}",ask_clarification,"{""missing_field"": ""recipient_and_message"", ""question"": ""Mesajı kime ve ne olarak göndermemi istiyorsunuz?""}",True,"{""name"":""ask_clarification"",""arguments"":{""missing_field"":""recipient_and_message"",""question"":""Mesajı kime ve ne olarak göndermemi istiyorsunuz?""}}"
Rehberi tamamen sil,request_confirmation,"{""action"": ""rehberi sil"", ""question"": ""Rehberinizdeki tüm kişiler kalıcı olarak silinecektir. Bu işlemi onaylıyor musunuz?""}",,,False,"{""name"":""request_confirmation"",""arguments"":{""action"":""rehberi sil"",""question"":""Rehberiniz tamamen silinecek ve sizi geri almayan hesabaya göre aldınız mı? (Evet, kurtarılamaz mı?""""}}"
Ekran parlaklığı ayarla,ask_clarification,"{""missing_field"": ""value"", ""question"": ""Ekran parlaklığı hangi seviyede olsun?""}",ask_clarification,"{""missing_field"": ""value"", ""question"": ""Ekran parlaklığını hangi moda ayarlayayım?""}",True,"{""name"":""ask_clarification"",""arguments"":{""missing_field"":""value"",""question"":""Ekran parlaklığını hangi moda ayarlayayım?""}}"
Sabah kaldırır mısın beni,ask_clarification,"{""missing_field"": ""time"", ""question"": ""Sabah saat kaçta kalkmak istersiniz?""}",ask_clarification,"{""missing_field"": ""time"", ""question"": ""Saat kaçta kaldırmamı istersiniz?""}",True,"{""name"":""ask_clarification"",""arguments"":{""missing_field"":""time"",""question"":""Saat kaçta kaldırmamı istersiniz?""}}"
Telefon et,ask_clarification,"{""missing_field"": ""recipient"", ""question"": ""Kimi aramamı istiyorsunuz?""}",ask_clarification,"{""missing_field"": ""recipient"", ""question"": ""Kimi aramak istiyorsunuz?""}",True,"{""name"":""ask_clarification"",""arguments"":{""missing_field"":""recipient"",""question"":""Kimi aramak istiyorsunuz?""}}"
Bana yeni bir not oluştur,ask_clarification,"{""missing_field"": ""content"", ""question"": ""Yeni notunuza hangi bilgileri gireyim?""}",ask_clarification,"{""missing_field"": ""content"", ""question"": ""Nota ne yazmamı istiyorsunuz?""}",True,"{""name"":""ask_clarification"",""arguments"":{""missing_field"":""content"",""question"":""Nota ne yazmamı istiyorsunuz?""}}"
e nabız aç,open_app,"{""app_name"": ""e-Nabız""}",open_app,"{""app_name"": ""Netflix""}",True,"{""name"":""open_app"",""arguments"":{""app_name"":""Netflix""}}"
Yarın için alarm kur lütfen,ask_clarification,"{""missing_field"": ""time"", ""question"": ""Yarın saat kaça alarm kurmamı istersiniz?""}",ask_clarification,"{""missing_field"": ""time"", ""question"": ""Yarın saat kaçta alarm kurmamı istersiniz?""}",True,"{""name"":""ask_clarification"",""arguments"":{""missing_field"":""time"",""question"":""Yarın saat kaçta alarm kurmamı istersiniz?""}}"
Eşimle arama yap,ask_clarification,"{""missing_field"": ""recipient"", ""question"": ""Eşinizin hangi kaydını aramamı istiyorsunuz?""}",call_contact,"{""recipient"": ""Eşim""}",True,"{""name"":""call_contact"",""arguments"":{""recipient"":""Eşim""}}"
Tüm konuşmaları sil,request_confirmation,"{""action"": ""tüm sohbetleri sil"", ""question"": ""Tüm sohbetleriniz ve mesajlarınız kalıcı olarak kaldırılacak. Emin misiniz?""}",request_confirmation,"{""action"": ""tüm konuşmaları sil"", ""question"": ""Cihazdaki tüm konuşma kaydı kalıcı olarak silinecek. Devam etmek istiyor musunuz?""}",True,"{""name"":""request_confirmation"",""arguments"":{""action"":""tüm konuşmaları sil"",""question"":""Cihazdaki tüm konuşma kaydı kalıcı olarak silinecek. Devam etmek istiyor musunuz?""}}"
Radyo aç,ask_clarification,"{""missing_field"": ""song"", ""question"": ""Hangi şarkıyı veya sanatçıyı çalmamı istiyorsunuz?""}",change_device_setting,"{""setting"": ""radio"", ""value"": ""on""}",True,"{""name"":""change_device_setting"",""arguments"":{""setting"":""radio"",""value"":""on""}}"
Metni kopyala,ask_clarification,"{""missing_field"": ""text"", ""question"": ""Hangi metni kopyalamamı istiyorsunuz?""}",ask_clarification,"{""missing_field"": ""text"", ""question"": ""Hangi metni koyayım?""}",True,"{""name"":""ask_clarification"",""arguments"":{""missing_field"":""text"",""question"":""Hangi metni koyayım?""}}"
İnternete yaz,ask_clarification,"{""missing_field"": ""query"", ""question"": ""Ne aramamı istiyorsunuz?""}",ask_clarification,"{""missing_field"": ""recipient_and_message"", ""question"": ""Mesajı kime ve ne olarak göndermemi istiyorsunuz?""}",True,"{""name"":""ask_clarification"",""arguments"":{""missing_field"":""recipient_and_message"",""question"":""Mesajı kime ve ne olarak göndermemi istiyorsunuz?""}}"
Müzik uygulamasını aç,open_app,"{""app_name"": ""Müzik""}",ask_clarification,"{""missing_field"": ""app_name"", ""question"": ""Hangi müzik uygulamasını açayım?""}",True,"{""name"":""ask_clarification"",""arguments"":{""missing_field"":""app_name"",""question"":""Hangi müzik uygulamasını açayım?""}}"
Yarın sabah 06:45'te uçağım var uyan,create_reminder,"{""date"": ""tomorrow"", ""text"": ""uçağa yetiş"", ""time"": ""06:45""}",create_reminder,"{""date"": ""tomorrow"", ""text"": ""uçağı takvime al"", ""time"": ""06:45""}",True,"{""name"":""create_reminder"",""arguments"":{""text"":""uçağı takvime al"",""date"":""tomorrow"",""time"":""06:45""}}"
Fenerbahçe kiminle oynuyor,search_web,"{""query"": ""Fenerbahçe maçı ne zaman kiminle""}",search_web,"{""query"": ""Fenerbahçe takım son maç""}",True,"{""name"":""search_web"",""arguments"":{""query"":""Fenerbahçe takım son maç""}}"
Ev sahibine yaz,ask_clarification,"{""missing_field"": ""message"", ""question"": ""Ev sahibine ne yazayım?""}",ask_clarification,"{""missing_field"": ""message"", ""question"": ""Ev sahibine ne yazmamı istiyorsunuz?""}",True,"{""name"":""ask_clarification"",""arguments"":{""missing_field"":""message"",""question"":""Ev sahibine ne yazmamı istiyorsunuz?""}}"
Bulaşık makinesi için timer kur,ask_clarification,"{""missing_field"": ""duration_minutes"", ""question"": ""Bulaşık makinesi için kaç dakikalık timer kurmalıyım?""}",ask_clarification,"{""missing_field"": ""duration_minutes"", ""question"": ""Bulaşık makinesi kaç dakika olsun?""}",True,"{""name"":""ask_clarification"",""arguments"":{""missing_field"":""duration_minutes"",""question"":""Bulaşık makinesi kaç dakika olsun?""}}"
gir,ask_clarification,"{""missing_field"": ""app_name"", ""question"": ""Hangi uygulamayı açmamı istiyorsunuz?""}",ask_clarification,"{""missing_field"": ""recipient"", ""question"": ""Kimi aramamı istiyorsunuz?""}",True,"{""name"":""ask_clarification"",""arguments"":{""missing_field"":""recipient"",""question"":""Kimi aramamı istiyorsunuz?""}}"
Cümleyi çevir,ask_clarification,"{""missing_field"": ""text"", ""question"": ""Hangi cümleyi çevireyim?""}",ask_clarification,"{""missing_field"": ""text"", ""question"": ""Hangi cümleü çevireyim?""}",True,"{""name"":""ask_clarification"",""arguments"":{""missing_field"":""text"",""question"":""Hangi cümleü çevireyim?""}}"
Ayşe'nin numarasını sil,request_confirmation,"{""action"": ""Ayşe'nin numarasını sil"", ""question"": ""Ayşe adlı kişiyi silmek istediğinizden emin misiniz?""}",request_confirmation,"{""action"": ""Ayşe numarasını sil"", ""question"": ""Ayşe numaranızı silmek üzeresiniz. Bu işlem geri alınamaz. Emin misiniz?""}",True,"{""name"":""request_confirmation"",""arguments"":{""action"":""Ayşe numarasını sil"",""question"":""Ayşe numaranızı silmek üzeresiniz. Bu işlem geri alınamaz. Emin misiniz?""}}"
Yeni görev oluştur,ask_clarification,"{""missing_field"": ""content"", ""question"": ""Görev içeriği ne olsun?""}",ask_clarification,"{""missing_field"": ""title"", ""question"": ""Görev başlığı ne olsun?""}",True,"{""name"":""ask_clarification"",""arguments"":{""missing_field"":""title"",""question"":""Görev başlığı ne olsun?""}}"
Gruba duyuru yaz,ask_clarification,"{""missing_field"": ""message"", ""question"": ""Gruba hangi duyuruyu yazayım?""}",ask_clarification,"{""missing_field"": ""message"", ""question"": ""Hangi mesajı göndermemi istiyorsunuz?""}",True,"{""name"":""ask_clarification"",""arguments"":{""missing_field"":""message"",""question"":""Hangi mesajı göndermemi istiyorsunuz?""}}"
Bugün 21:30'e otobüs yolculuğu alarmı kur,set_alarm,"{""date"": ""today"", ""label"": ""otobüs"", ""time"": ""21:30""}",set_alarm,"{""date"": ""today_or_next_occurrence"", ""label"": ""otobüs"", ""time"": ""21:30""}",True,"{""name"":""set_alarm"",""arguments"":{""time"":""21:30"",""date"":""today_or_next_occurrence"",""label"":""otobüs""}}"
Pil tasarrufu,ask_clarification,"{""missing_field"": ""value"", ""question"": ""Pil tasarrufunu açmamı mı kapatmamı mı istiyorsunuz?""}",ask_clarification,"{""missing_field"": ""value"", ""question"": ""Pil tasarrufunu açayım mı kapatayım mı?""}",True,"{""name"":""ask_clarification"",""arguments"":{""missing_field"":""value"",""question"":""Pil tasarrufunu açayım mı kapatayım mı?""}}"
Pelin'e sms at ama ne diyeceğimi bilmiyorum,ask_clarification,"{""missing_field"": ""message"", ""question"": ""Pelin'e ne yazmamı istiyorsunuz?""}",ask_clarification,"{""missing_field"": ""message"", ""question"": ""Pelin'e hangi mesajı göndermemi istiyorsunuz?""}",True,"{""name"":""ask_clarification"",""arguments"":{""missing_field"":""message"",""question"":""Pelin'e hangi mesajı göndermemi istiyorsunuz?""}}"
E5 trafik yoğunluk haritası,search_web,"{""query"": ""E5 trafik yoğunluğu İstanbul""}",search_web,"{""query"": ""E5 trafik yoğunluğu""}",True,"{""name"":""search_web"",""arguments"":{""query"":""E5 trafik yoğunluğu""}}"
şunu bi başlat,ask_clarification,"{""missing_field"": ""setting"", ""question"": ""Hangi telefon ayarını değiştirmemi istiyorsunuz?""}",ask_clarification,"{""missing_field"": ""app_name"", ""question"": ""Hangi uygulamayı açmamı istiyorsunuz?""}",True,"{""name"":""ask_clarification"",""arguments"":{""missing_field"":""app_name"",""question"":""Hangi uygulamayı açmamı istiyorsunuz?""}}"
Tvye tel bağlama samsung,search_web,"{""query"": ""Samsung telefondan televizyona ekran yansıtma""}",call_contact,"{""recipient"": ""SAMSUNG""}",True,"{""name"":""call_contact"",""arguments"":{""recipient"":""SAMSUNG""}}"
Rezervasyon yerini ara,ask_clarification,"{""missing_field"": ""recipient"", ""question"": ""Hangi rezervasyon yerini arayayım?""}",ask_clarification,"{""missing_field"": ""destination"", ""question"": ""Hangi rezervasyon yerini arayayım?""}",True,"{""name"":""ask_clarification"",""arguments"":{""missing_field"":""destination"",""question"":""Hangi rezervasyon yerini arayayım?""}}"
Anneanneme sms gönder nasılsın diye sor,send_message,"{""app"": ""sms"", ""message"": ""Nasılsın?"", ""recipient"": ""Anneanne""}",send_message,"{""app"": ""sms"", ""message"": ""Nasılsın?"", ""recipient"": ""Anneannem""}",True,"{""name"":""send_message"",""arguments"":{""recipient"":""Anneannem"",""message"":""Nasılsın?"",""app"":""sms""}}"
wifi,ask_clarification,"{""missing_field"": ""value"", ""question"": ""WiFi ayarını açmamı mı kapatmamı mı istiyorsunuz?""}",ask_clarification,"{""missing_field"": ""value"", ""question"": ""Açmamı mı kapatmamı mı istiyorsunuz?""}",True,"{""name"":""ask_clarification"",""arguments"":{""missing_field"":""value"",""question"":""Açmamı mı kapatmamı mı istiyorsunuz?""}}"
Zeynep'e konumumu mesaj at,request_confirmation,"{""action"": ""Zeynep'e konum mesajı gönder"", ""question"": ""Zeynep'e konumunuzu içeren bir SMS göndermek istediğinizden emin misiniz?""}",send_message,"{""app"": ""sms"", ""message"": ""Konumumu gönder."", ""recipient"": ""Zeynep""}",True,"{""name"":""send_message"",""arguments"":{""recipient"":""Zeynep"",""message"":""Konumumu gönder."",""app"":""sms""}}"
Yeşil pasaport şartları,search_web,"{""query"": ""Yeşil pasaport (hususi pasaport) kimlere verilir""}",search_web,"{""query"": ""Yeşil pasaport şartları""}",True,"{""name"":""search_web"",""arguments"":{""query"":""Yeşil pasaport şartları""}}"
Kitap ara,ask_clarification,"{""missing_field"": ""query"", ""question"": ""Hangi kitabı arayayım?""}",ask_clarification,"{""missing_field"": ""query"", ""question"": ""Hangi kitap hakkında bilmiyorum?""}",True,"{""name"":""ask_clarification"",""arguments"":{""missing_field"":""query"",""question"":""Hangi kitap hakkında bilmiyorum?""}}"
Bir yere gitmem lazım,ask_clarification,"{""missing_field"": ""destination"", ""question"": ""Nereye navigasyon başlatmamı istiyorsunuz?""}",ask_clarification,"{""missing_field"": ""recipient"", ""question"": ""Kime gitmemi istiyorsunuz?""}",True,"{""name"":""ask_clarification"",""arguments"":{""missing_field"":""recipient"",""question"":""Kime gitmemi istiyorsunuz?""}}"
Proje notu aç tasarım aşaması tamamlandı koda geçilecek,create_note,"{""content"": ""tasarım aşaması tamamlandı koda geçilecek"", ""title"": ""Proje notu""}",create_note,"{""content"": ""tasarım tamamlandı koda geçilecek"", ""title"": ""Proje notu""}",True,"{""name"":""create_note"",""arguments"":{""title"":""Proje notu"",""content"":""tasarım tamamlandı koda geçilecek""}}"
Konum ve gizlilik ayarlarını sıfırla,request_confirmation,"{""action"": ""gizlilik ayarlarını sıfırla"", ""question"": ""Tüm konum ve gizlilik ayarları varsayılan değerlerine döndürülecek. Onaylıyor musunuz?""}",request_confirmation,"{""action"": ""konumu ve gizliliği sıfırla"", ""question"": ""Cihazınızda kaydettiğiniz tüm konum ve gizlilik ayarlarını silinecek. Devam etmek istiyor musunuz?""}",True,"{""name"":""request_confirmation"",""arguments"":{""action"":""konumu ve gizliliği sıfırla"",""question"":""Cihazınızda kaydettiğiniz tüm konum ve gizlilik ayarlarını silinecek. Devam etmek istiyor musunuz?""}}"
Yarım saat sonra hatırlat,set_timer,"{""duration_minutes"": 30, ""label"": null}",ask_clarification,"{""missing_field"": ""text"", ""question"": ""Yarım saat için neyi hatırlatmam gerekiyor?""}",True,"{""name"":""ask_clarification"",""arguments"":{""missing_field"":""text"",""question"":""Yarım saat için neyi hatırlatmam gerekiyor?""}}"
Web'de en yakın nöbetçi eczane araması yap,search_web,"{""query"": ""en yakın nöbetçi eczane""}",search_web,"{""query"": ""En yakın nöbetçi eczane""}",True,"{""name"":""search_web"",""arguments"":{""query"":""En yakın nöbetçi eczane""}}"
Babam'e saat 5 uygun mu? diye mesaj at,send_message,"{""app"": ""telegram"", ""message"": ""Saat 5 uygun mu?"", ""recipient"": ""Babam""}",send_message,"{""app"": ""sms"", ""message"": ""Saat 5 uygun mu?"", ""recipient"": ""Babam""}",True,"{""name"":""send_message"",""arguments"":{""recipient"":""Babam"",""message"":""Saat 5 uygun mu?"",""app"":""sms""}}"
Kayıtlı tüm notları sil,request_confirmation,"{""action"": ""tüm notları sil"", ""question"": ""Cihazdaki tüm not defteri içerikleri kalıcı olarak silinmek üzere. Onaylıyor musunuz?""}",request_confirmation,"{""action"": ""tüm notlarını sil"", ""question"": ""Tüm kayıtlı olan tüm notlar kalıcı olarak silinecek. Devam etmek istiyor musunuz?""}",True,"{""name"":""request_confirmation"",""arguments"":{""action"":""tüm notlarını sil"",""question"":""Tüm kayıtlı olan tüm notlar kalıcı olarak silinecek. Devam etmek istiyor musunuz?""}}"
askimi bagla,call_contact,"{""recipient"": ""Aşkım""}",aski aç,"{""recipient"": ""Askım""}",True,"{""name"":""aski aç"",""arguments"":{""recipient"":""Askım""}}"
netflixi kaldır,request_confirmation,"{""action"": ""Netflix uygulamasını kaldır"", ""question"": ""Netflix uygulaması cihazınızdan kaldırılacaktır. Emin misiniz?""}",request_confirmation,"{""action"": ""Netflix uygulamasını kaldır"", ""question"": ""Netflix uygulamasını cihazınızdan kaldırmak istediğinize emin misiniz?""}",True,"{""name"":""request_confirmation"",""arguments"":{""action"":""Netflix uygulamasını kaldır"",""question"":""Netflix uygulamasını cihazınızdan kaldırmak istediğinize emin misiniz?""}}"
Bana hatırlatma alarmı kur,ask_clarification,"{""missing_field"": ""time"", ""question"": ""Hatırlatma alarmını saat kaça kurayım?""}",ask_clarification,"{""missing_field"": ""time"", ""question"": ""Alarmı saat kaça kurmamı istiyorsunuz?""}",True,"{""name"":""ask_clarification"",""arguments"":{""missing_field"":""time"",""question"":""Alarmı saat kaça kurmamı istiyorsunuz?""}}"
bana ayar aç,open_app,"{""app_name"": ""Ayarlar""}",ask_clarification,"{""missing_field"": ""setting"", ""question"": ""Hangi telefon ayarını değiştirmemi istiyorsunuz?""}",True,"{""name"":""ask_clarification"",""arguments"":{""missing_field"":""setting"",""question"":""Hangi telefon ayarını değiştirmemi istiyorsunuz?""}}"
Seyahat planı ekle,ask_clarification,"{""missing_field"": ""date"", ""question"": ""Seyahat hangi tarihte başlıyor?""}",ask_clarification,"{""missing_field"": ""content"", ""question"": ""Seyahat planındaki ne ekleyeyim?""}",True,"{""name"":""ask_clarification"",""arguments"":{""missing_field"":""content"",""question"":""Seyahat planındaki ne ekleyeyim?""}}"
aç şunu,ask_clarification,"{""missing_field"": ""app_name"", ""question"": ""Hangi uygulamayı açmamı istiyorsunuz?""}",ask_clarification,"{""missing_field"": ""setting"", ""question"": ""Hangi telefon ayarını değiştirmemi istiyorsunuz?""}",True,"{""name"":""ask_clarification"",""arguments"":{""missing_field"":""setting"",""question"":""Hangi telefon ayarını değiştirmemi istiyorsunuz?""}}"
Fırındaki kek için kırk beş dk tut,set_timer,"{""duration_minutes"": 45, ""label"": ""Fırındaki kek""}",set_timer,"{""duration_minutes"": 42, ""label"": ""fırındaki kek""}",True,"{""name"":""set_timer"",""arguments"":{""duration_minutes"":42,""label"":""fırındaki kek""}}"
Yrn sbh 7,set_alarm,"{""date"": ""tomorrow"", ""label"": null, ""time"": ""07:00""}",set_alarm,"{""date"": ""today_or_next_occurrence"", ""label"": null, ""time"": ""07:00""}",True,"{""name"":""set_alarm"",""arguments"":{""time"":""07:00"",""date"":""today_or_next_occurrence"",""label"":null}}"
Google fotoğraflar yedeklemesini durdur,request_confirmation,"{""action"": ""fotoğraf yedeklemesini durdur"", ""question"": ""Fotoğraf yedeklemesini durdurursanız yeni fotoğraflarınız buluta kaydedilmeyecektir. Emin misiniz?""}",request_confirmation,"{""action"": ""Google fotoğraflar yedeklemesi sil"", ""question"": ""Cihazdaki tüm fotoğraflar yedeklenen ve kaydedilen yerler silinecek. Devam etmek istiyor musunuz?""}",True,"{""name"":""request_confirmation"",""arguments"":{""action"":""Google fotoğraflar yedeklemesi sil"",""question"":""Cihazdaki tüm fotoğraflar yedeklenen ve kaydedilen yerler silinecek. Devam etmek istiyor musunuz?""}}"
Tiktok uygulamasını sil,request_confirmation,"{""action"": ""TikTok uygulamasını kaldır"", ""question"": ""TikTok uygulamasını ve ilgili verilerini kaldırmak istediğinizden emin misiniz?""}",request_confirmation,"{""action"": ""TikTok uygulamasını kaldır"", ""question"": ""TikTok uygulamanızdan çıkılacak tüm videolar ve ekranları kalıcı olarak silinecek. Onaylıyor musunuz?""}",True,"{""name"":""request_confirmation"",""arguments"":{""action"":""TikTok uygulamasını kaldır"",""question"":""TikTok uygulamanızdan çıkılacak tüm videolar ve ekranları kalıcı olarak silinecek. Onaylıyor musunuz?""}}"
Telefon ayarlarına gir,open_app,"{""app_name"": ""Ayarlar""}",ask_clarification,"{""missing_field"": ""setting"", ""question"": ""Hangi telefon ayarını değiştirmemi istiyorsunuz?""}",True,"{""name"":""ask_clarification"",""arguments"":{""missing_field"":""setting"",""question"":""Hangi telefon ayarını değiştirmemi istiyorsunuz?""}}"
Mola için on beş dk kur,set_timer,"{""duration_minutes"": 15, ""label"": ""Mola""}",set_timer,"{""duration_minutes"": 15, ""label"": ""mola""}",True,"{""name"":""set_timer"",""arguments"":{""duration_minutes"":15,""label"":""mola""}}"
Notlarda ara,ask_clarification,"{""missing_field"": ""query"", ""question"": ""Notlarda ne aramamı istiyorsunuz?""}",ask_clarification,"{""missing_field"": ""query"", ""question"": ""Nota ne yazmamı istiyorsunuz?""}",True,"{""name"":""ask_clarification"",""arguments"":{""missing_field"":""query"",""question"":""Nota ne yazmamı istiyorsunuz?""}}"
Zeynep'e whatsapptan gönder,ask_clarification,"{""missing_field"": ""message"", ""question"": ""Hangi mesajı göndermemi istiyorsunuz?""}",ask_clarification,"{""missing_field"": ""message"", ""question"": ""Zeynep'e hangi mesajı göndermemi istiyorsunuz?""}",True,"{""name"":""ask_clarification"",""arguments"":{""missing_field"":""message"",""question"":""Zeynep'e hangi mesajı göndermemi istiyorsunuz?""}}"
Mercimek çorbası nasıl yapılır,search_web,"{""query"": ""Kolay mercimek çorbası tarifi""}",search_web,"{""query"": ""Mercimek çorbası nasıl yapılır""}",True,"{""name"":""search_web"",""arguments"":{""query"":""Mercimek çorbası nasıl yapılır""}}"
Bana 2 saat sonra haber ver ama neydi,ask_clarification,"{""missing_field"": ""text"", ""question"": ""2 saat sonra size neyi haber vermemi istersiniz?""}",ask_clarification,"{""missing_field"": ""text"", ""question"": ""Zamanlayıcıyı ne için kullanayım?""}",True,"{""name"":""ask_clarification"",""arguments"":{""missing_field"":""text"",""question"":""Zamanlayıcıyı ne için kullanayım?""}}"
Yrn 10da abimi ara,create_reminder,"{""date"": ""tomorrow"", ""text"": ""abini ara"", ""time"": ""10:00""}",set_alarm,"{""date"": ""today_or_next_occurrence"", ""label"": null, ""time"": ""10:00""}",True,"{""name"":""set_alarm"",""arguments"":{""time"":""10:00"",""date"":""today_or_next_occurrence"",""label"":null}}"
Zeynep'e şemsiyeni bende unutmuşsun yaz,send_message,"{""app"": ""sms"", ""message"": ""Şemsiyeni bende unutmuşsun."", ""recipient"": ""Zeynep""}",send_message,"{""app"": ""sms"", ""message"": ""Şemsiyeni benden unutmuşsun."", ""recipient"": ""Zeynep""}",True,"{""name"":""send_message"",""arguments"":{""recipient"":""Zeynep"",""message"":""Şemsiyeni benden unutmuşsun."",""app"":""sms""}}"
Bilgisayar cok yavasladi ne yapmali,search_web,"{""query"": ""Yavaşlayan bilgisayarı hızlandırma yöntemleri""}",ask_clarification,"{""missing_field"": ""value"", ""question"": ""Bilgisayarı açmamı mı kapatmamı mı istiyorsunuz?""}",True,"{""name"":""ask_clarification"",""arguments"":{""missing_field"":""value"",""question"":""Bilgisayarı açmamı mı kapatmamı mı istiyorsunuz?""}}"
Volkan'a whatsapp'tan maç kaçta başlıyor sor,send_message,"{""app"": ""whatsapp"", ""message"": ""Maç kaçta başlıyor?"", ""recipient"": ""Volkan""}",send_message,"{""app"": ""whatsapp"", ""message"": ""Müşteri görüşmesine maç kaçta başlıyor?"", ""recipient"": ""Volkan""}",True,"{""name"":""send_message"",""arguments"":{""recipient"":""Volkan"",""message"":""Müşteri görüşmesine maç kaçta başlıyor?"",""app"":""whatsapp""}}"
Sasa hissesi ne kadar oldu,search_web,"{""query"": ""SASA hisse fiyatı""}",search_web,"{""query"": ""Sasa hissesi fiyatı""}",True,"{""name"":""search_web"",""arguments"":{""query"":""Sasa hissesi fiyatı""}}"
Ne demek,ask_clarification,"{""missing_field"": ""query"", ""question"": ""Ne aramamı istiyorsunuz?""}",ask_clarification,"{""missing_field"": ""message"", ""question"": ""Mesajın içeriği ne olmasını istiyorsunuz?""}",True,"{""name"":""ask_clarification"",""arguments"":{""missing_field"":""message"",""question"":""Mesajın içeriği ne olmasını istiyorsunuz?""}}"
Faturayı ödemem lazım aklımda olsun,create_reminder,"{""date"": null, ""text"": ""faturayı öde"", ""time"": null}",ask_clarification,"{""missing_field"": ""recipient_and_message"", ""question"": ""Mesajı kime ve ne olarak göndermemi istiyorsunuz?""}",True,"{""name"":""ask_clarification"",""arguments"":{""missing_field"":""recipient_and_message"",""question"":""Mesajı kime ve ne olarak göndermemi istiyorsunuz?""}}"
namaz için öğlen 12 alarmı kur,set_alarm,"{""date"": ""tomorrow"", ""label"": ""namaz"", ""time"": ""12:00""}",set_alarm,"{""date"": ""today_or_next_occurrence"", ""label"": ""namaz"", ""time"": ""12:00""}",True,"{""name"":""set_alarm"",""arguments"":{""time"":""12:00"",""date"":""today_or_next_occurrence"",""label"":""namaz""}}"
Anneye whatsapp at kapıyı kilitlemeyi unuttum,send_message,"{""app"": ""whatsapp"", ""message"": ""Kapıyı kilitlemeyi unuttum."", ""recipient"": ""Anne""}",send_message,"{""app"": ""whatsapp"", ""message"": ""Kapıyı kilitlemeyi unuttum."", ""recipient"": ""Anen""}",True,"{""name"":""send_message"",""arguments"":{""recipient"":""Anen"",""message"":""Kapıyı kilitlemeyi unuttum."",""app"":""whatsapp""}}"
